{"CUDA_VISIBLE_DEVICES": "0", "_timestamp": 1690247530.77556, "_runtime": 8.444203853607178, "_step": 3, "lr-AdamW": 0.001, "trainer/global_step": 0, "train_loss": 0.9905005097389221, "epoch": 0, "valid_loss": 1.0056008100509644, "valid_r2_score": 0.013351738452911377, "_wandb": {"runtime": 7}}